category,position,display_name,dedication
roses,1,REPLACE_ME Rose 1,
roses,2,REPLACE_ME Rose 2,
roses,3,REPLACE_ME Rose 3,
roses,4,REPLACE_ME Rose 4,
roses,5,REPLACE_ME Rose 5,
roses,6,REPLACE_ME Rose 6,
roses,7,REPLACE_ME Rose 7,
roses,8,REPLACE_ME Rose 8,
roses,9,REPLACE_ME Rose 9,
roses,10,REPLACE_ME Rose 10,
roses,11,REPLACE_ME Rose 11,
roses,12,REPLACE_ME Rose 12,
roses,13,REPLACE_ME Rose 13,
roses,14,REPLACE_ME Rose 14,
roses,15,REPLACE_ME Rose 15,
roses,16,REPLACE_ME Rose 16,
roses,17,REPLACE_ME Rose 17,
roses,18,REPLACE_ME Rose 18,
candles,1,REPLACE_ME Candle 1,
candles,2,REPLACE_ME Candle 2,
candles,3,REPLACE_ME Candle 3,
candles,4,REPLACE_ME Candle 4,
candles,5,REPLACE_ME Candle 5,
candles,6,REPLACE_ME Candle 6,
candles,7,REPLACE_ME Candle 7,
candles,8,REPLACE_ME Candle 8,
candles,9,REPLACE_ME Candle 9,
candles,10,REPLACE_ME Candle 10,
candles,11,REPLACE_ME Candle 11,
candles,12,REPLACE_ME Candle 12,
candles,13,REPLACE_ME Candle 13,
candles,14,REPLACE_ME Candle 14,
candles,15,REPLACE_ME Candle 15,
candles,16,REPLACE_ME Candle 16,
candles,17,REPLACE_ME Candle 17,
candles,18,REPLACE_ME Candle 18,
treasures,1,REPLACE_ME Treasure 1,
treasures,2,REPLACE_ME Treasure 2,
treasures,3,REPLACE_ME Treasure 3,
treasures,4,REPLACE_ME Treasure 4,
treasures,5,REPLACE_ME Treasure 5,
treasures,6,REPLACE_ME Treasure 6,
treasures,7,REPLACE_ME Treasure 7,
treasures,8,REPLACE_ME Treasure 8,
treasures,9,REPLACE_ME Treasure 9,
treasures,10,REPLACE_ME Treasure 10,
treasures,11,REPLACE_ME Treasure 11,
treasures,12,REPLACE_ME Treasure 12,
treasures,13,REPLACE_ME Treasure 13,
treasures,14,REPLACE_ME Treasure 14,
treasures,15,REPLACE_ME Treasure 15,
treasures,16,REPLACE_ME Treasure 16,
treasures,17,REPLACE_ME Treasure 17,
treasures,18,REPLACE_ME Treasure 18,
